{
  "returned_dict": {
    "loss": 0.0031353020288260682,
    "r2": 0.9999584626717053,
    "loss_int": 0.1895954400800428,
    "r2_int": 0.8499236333822081,
    "status": "ok",
    "start_time": 1740438354.964553,
    "duration": 5.469668626785278
  },
  "current_params": {
    "N": 350,
    "bit_width": 8,
    "iss": 1.0,
    "lr": 1,
    "ridge": 9.726326397617623e-05,
    "seed": 1234,
    "sr": 1.2
  }
}