{
  "returned_dict": {
    "loss": 0.0030849617618662686,
    "r2": 0.9999599479784124,
    "loss_int": 0.18864280259919416,
    "r2_int": 0.8515075502471748,
    "status": "ok",
    "start_time": 1740438530.3140333,
    "duration": 5.880356550216675
  },
  "current_params": {
    "N": 400,
    "bit_width": 8,
    "iss": 1.0,
    "lr": 1,
    "ridge": 6.445268457820556e-05,
    "seed": 1234,
    "sr": 1.25
  }
}