{"returned_dict": {"loss": 0.0031384086744019103, "r2": 0.9999587971920428, "loss_int": 0.11041048644115464, "r2_int": 0.9491894140957632, "status": "ok", "start_time": 1733694837.6975486, "duration": 6.844235420227051}, "current_params": {"N": 450, "bit_width": 8, "iss": 1.0, "lr": 1, "ridge": 1.6649269285480387e-08, "seed": 1234, "sr": 1.25}}