{"returned_dict": {"loss": 0.0028291214000149404, "r2": 0.9999664458762854, "loss_int": 0.1011680979301623, "r2_int": 0.9572333287345924, "status": "ok", "start_time": 1733694650.7659104, "duration": 9.33435606956482}, "current_params": {"N": 450, "bit_width": 8, "iss": 1.0, "lr": 1, "ridge": 9.849407273251231e-05, "seed": 1234, "sr": 1.2}}