{
  "returned_dict": {
    "loss": 0.0030775894953783065,
    "r2": 0.9999597919959801,
    "loss_int": 0.18384631350395822,
    "r2_int": 0.8593106619601453,
    "status": "ok",
    "start_time": 1740438608.2813594,
    "duration": 7.240152359008789
  },
  "current_params": {
    "N": 500,
    "bit_width": 8,
    "iss": 1.0,
    "lr": 1,
    "ridge": 1.8554653046342953e-05,
    "seed": 1234,
    "sr": 1.25
  }
}