{"returned_dict": {"loss": 0.0030152216979089526, "r2": 0.9999620749996799, "loss_int": 0.11041048644115466, "r2_int": 0.9491894140957631, "status": "ok", "start_time": 1733694642.0473719, "duration": 8.717395782470703}, "current_params": {"N": 450, "bit_width": 8, "iss": 1.0, "lr": 1, "ridge": 8.49487684673018e-08, "seed": 1234, "sr": 1.25}}