{"returned_dict": {"loss": 0.0026791360873296773, "r2": 0.9999698576320868, "loss_int": 0.1104104864411546, "r2_int": 0.9491894140957632, "status": "ok", "start_time": 1733694883.5201793, "duration": 6.626019477844238}, "current_params": {"N": 450, "bit_width": 8, "iss": 1.0, "lr": 1, "ridge": 2.476913705941036e-05, "seed": 1234, "sr": 1.25}}