{
  "returned_dict": {
    "loss": 0.0032886182757410043,
    "r2": 0.9999543094842801,
    "loss_int": 0.18864280259919416,
    "r2_int": 0.8515075502471748,
    "status": "ok",
    "start_time": 1740438774.5925732,
    "duration": 5.635629177093506
  },
  "current_params": {
    "N": 400,
    "bit_width": 8,
    "iss": 1.0,
    "lr": 1,
    "ridge": 2.007556512326801e-05,
    "seed": 1234,
    "sr": 1.25
  }
}