{
  "returned_dict": {
    "loss": 0.0026791360873296773,
    "r2": 0.9999698576320868,
    "loss_int": 0.18525093062872908,
    "r2_int": 0.8571571797072118,
    "status": "ok",
    "start_time": 1740438701.7128558,
    "duration": 6.254686594009399
  },
  "current_params": {
    "N": 450,
    "bit_width": 8,
    "iss": 1.0,
    "lr": 1,
    "ridge": 2.476913705941036e-05,
    "seed": 1234,
    "sr": 1.25
  }
}