{"returned_dict": {"loss": 0.0030775894953783065, "r2": 0.9999597919959801, "loss_int": 0.09658715591137886, "r2_int": 0.9611708130943435, "status": "ok", "start_time": 1733694781.9030612, "duration": 7.876763820648193}, "current_params": {"N": 500, "bit_width": 8, "iss": 1.0, "lr": 1, "ridge": 1.8554653046342953e-05, "seed": 1234, "sr": 1.25}}