{"returned_dict": {"loss": 0.0032886182757410043, "r2": 0.9999543094842801, "loss_int": 0.09347858135364862, "r2_int": 0.9635341726864509, "status": "ok", "start_time": 1733694961.679123, "duration": 5.476101636886597}, "current_params": {"N": 400, "bit_width": 8, "iss": 1.0, "lr": 1, "ridge": 2.007556512326801e-05, "seed": 1234, "sr": 1.25}}