{
  "returned_dict": {
    "loss": 0.0031384086744019103,
    "r2": 0.9999587971920428,
    "loss_int": 0.18525093062872902,
    "r2_int": 0.8571571797072118,
    "status": "ok",
    "start_time": 1740438660.4728062,
    "duration": 6.235054969787598
  },
  "current_params": {
    "N": 450,
    "bit_width": 8,
    "iss": 1.0,
    "lr": 1,
    "ridge": 1.6649269285480387e-08,
    "seed": 1234,
    "sr": 1.25
  }
}