{
  "returned_dict": {
    "loss": 0.0031880492015750606,
    "r2": 0.9999571593033728,
    "loss_int": 0.19139728818389623,
    "r2_int": 0.8475601082342396,
    "status": "ok",
    "start_time": 1740438400.302105,
    "duration": 6.477211952209473
  },
  "current_params": {
    "N": 450,
    "bit_width": 8,
    "iss": 1.0,
    "lr": 1,
    "ridge": 1.804404368195236e-05,
    "seed": 1234,
    "sr": 1.2
  }
}