{"returned_dict": {"loss": 0.0030849617618662686, "r2": 0.9999599479784124, "loss_int": 0.0934785813536486, "r2_int": 0.9635341726864509, "status": "ok", "start_time": 1733694701.0361118, "duration": 6.128939390182495}, "current_params": {"N": 400, "bit_width": 8, "iss": 1.0, "lr": 1, "ridge": 6.445268457820556e-05, "seed": 1234, "sr": 1.25}}