{
  "returned_dict": {
    "loss": 0.0028291214000149404,
    "r2": 0.9999664458762854,
    "loss_int": 0.19139728818389623,
    "r2_int": 0.8475601082342396,
    "status": "ok",
    "start_time": 1740438485.0149772,
    "duration": 6.484597682952881
  },
  "current_params": {
    "N": 450,
    "bit_width": 8,
    "iss": 1.0,
    "lr": 1,
    "ridge": 9.849407273251231e-05,
    "seed": 1234,
    "sr": 1.2
  }
}