{"returned_dict": {"loss": 0.0031353020288260682, "r2": 0.9999584626717053, "loss_int": 0.09587291970454374, "r2_int": 0.9612762198662423, "status": "ok", "start_time": 1733694476.3483481, "duration": 6.5999181270599365}, "current_params": {"N": 350, "bit_width": 8, "iss": 1.0, "lr": 1, "ridge": 9.726326397617623e-05, "seed": 1234, "sr": 1.2}}