{
  "returned_dict": {
    "loss": 0.0030152216979089526,
    "r2": 0.9999620749996799,
    "loss_int": 0.18525093062872908,
    "r2_int": 0.8571571797072118,
    "status": "ok",
    "start_time": 1740438478.4390466,
    "duration": 6.574277400970459
  },
  "current_params": {
    "N": 450,
    "bit_width": 8,
    "iss": 1.0,
    "lr": 1,
    "ridge": 8.49487684673018e-08,
    "seed": 1234,
    "sr": 1.25
  }
}